nivel,provincia,codigo,nombre,hogares,propia,escritura,boleto,otra_doc,sin_doc,alquilada,cedida_trabajo,prestada,otra
pais,Total del país,Total,Total del país,15932302,10462087,6519700,1539292,1208517,1194578,3341956,206329,1004483,917447
provincia,Ciudad Autónoma de Buenos Aires,02,Ciudad Autónoma de Buenos Aires,1406735,738581,659966,22936,24289,31390,517768,23387,69228,57771
provincia,Buenos Aires,06,Buenos Aires,6051550,4081250,2554252,748089,340979,437930,1166673,59291,374464,369872
provincia,Catamarca,10,Catamarca,135153,105660,52415,17540,21625,14080,14921,855,7027,6690
provincia,Chaco,22,Chaco,374487,281336,149909,33212,56256,41959,42080,3959,22034,25078
provincia,Chubut,26,Chubut,215257,131432,84280,11047,26091,10014,53311,4116,14873,11525
provincia,Córdoba,14,Córdoba,1394400,822978,576722,103895,81962,60399,390211,18900,93240,69071
provincia,Corrientes,18,Corrientes,379129,267448,152590,30236,43364,41258,56816,7124,21381,26360
provincia,Entre Ríos,30,Entre Ríos,500660,333391,228082,26549,40320,38440,96390,8701,31059,31119
provincia,Formosa,34,Formosa,198206,145517,58751,23798,32226,30742,25363,2613,11718,12995
provincia,Jujuy,38,Jujuy,245706,179717,88492,14224,48950,28051,28483,4341,13889,19276
provincia,La Pampa,42,La Pampa,141573,91284,61158,5816,18398,5912,32138,3074,8290,6787
provincia,La Rioja,46,La Rioja,126256,91011,56903,12533,14419,7156,20896,865,7871,5613
provincia,Mendoza,50,Mendoza,652184,394471,255611,49393,55789,33678,143087,17141,59471,38014
provincia,Misiones,54,Misiones,425667,307049,135074,75436,46575,49964,67950,4843,24907,20918
provincia,Neuquén,58,Neuquén,257381,159310,78086,23584,44086,13554,64134,3841,17145,12951
provincia,Río Negro,62,Río Negro,278935,173127,95198,30425,33423,14081,66995,4416,20131,14266
provincia,Salta,66,Salta,418430,294527,166632,29810,39806,58279,60595,6847,27349,29112
provincia,San Juan,70,San Juan,247094,158264,84109,17673,34282,22200,40112,2727,30092,15899
provincia,San Luis,74,San Luis,185549,116049,64814,14883,27793,8559,40102,2121,15430,11847
provincia,Santa Cruz,78,Santa Cruz,119262,68774,34708,8653,20001,5412,35997,2246,6340,5905
provincia,Santa Fe,82,Santa Fe,1289967,846120,588752,120188,60197,76983,275145,17003,75647,76052
provincia,Santiago del Estero,86,Santiago del Estero,316992,264842,108377,28153,50909,77403,21090,2510,15389,13161
provincia,Tucumán,90,Tucumán,505542,373266,165689,85772,38269,83536,60349,4333,34068,33526
provincia,"Tierra del Fuego, Antártida e Islas del Atlántico Sur(²)",94,"Tierra del Fuego, Antártida e Islas del Atlántico Sur(²)",66187,36683,19130,5447,8508,3598,21350,1075,3440,3639
comuna,Ciudad Autónoma de Buenos Aires,02007,Comuna 1,106509,43938,33347,1769,2019,6803,51478,2658,4672,3763
comuna,Ciudad Autónoma de Buenos Aires,02014,Comuna 2,83818,39194,37734,401,722,337,34629,2953,4361,2681
comuna,Ciudad Autónoma de Buenos Aires,02021,Comuna 3,92555,38526,35984,797,1242,503,44364,1578,4515,3572
comuna,Ciudad Autónoma de Buenos Aires,02028,Comuna 4,91186,49024,35450,3813,2551,7210,31452,795,4562,5353
comuna,Ciudad Autónoma de Buenos Aires,02035,Comuna 5,93208,45306,42795,991,1171,349,38458,1440,4507,3497
comuna,Ciudad Autónoma de Buenos Aires,02042,Comuna 6,95464,52388,50047,897,1058,386,33671,1906,4336,3163
comuna,Ciudad Autónoma de Buenos Aires,02049,Comuna 7,90970,50545,45861,1745,1700,1239,30905,1254,4394,3872
comuna,Ciudad Autónoma de Buenos Aires,02056,Comuna 8,70622,44057,25991,4783,3928,9355,18167,399,3808,4191
comuna,Ciudad Autónoma de Buenos Aires,02063,Comuna 9,66753,39080,34543,1185,1581,1771,19993,315,3787,3578
comuna,Ciudad Autónoma de Buenos Aires,02070,Comuna 10,73964,43337,40611,840,1325,561,22851,511,3937,3328
comuna,Ciudad Autónoma de Buenos Aires,02077,Comuna 11,87910,53174,50363,928,1322,561,25651,764,4422,3899
comuna,Ciudad Autónoma de Buenos Aires,02084,Comuna 12,108085,60488,56868,1436,1681,503,36679,1145,5319,4454
comuna,Ciudad Autónoma de Buenos Aires,02091,Comuna 13,127241,69509,66706,1163,1252,388,44684,2882,5995,4171
comuna,Ciudad Autónoma de Buenos Aires,02098,Comuna 14,127733,61944,59425,899,1167,453,51632,3673,6192,4292
comuna,Ciudad Autónoma de Buenos Aires,02105,Comuna 15,90717,48071,44241,1289,1570,971,33154,1114,4421,3957
agregado,Buenos Aires,24P,24 partidos de Buenos Aires,3614245,2475212,1479217,488472,195016,312507,650756,15321,225859,247097
agregado,Buenos Aires,31P,31 partidos de Buenos Aires,3974745,2735146,1597320,570115,222580,345131,707502,18530,247372,266195
partido,Buenos Aires,06028,Almirante Brown,187107,137051,75390,33572,11282,16807,23223,642,12344,13847
partido,Buenos Aires,06035,Avellaneda,134851,86218,61050,7683,7658,9827,30700,601,7515,9817
partido,Buenos Aires,06091,Berazategui,116419,82696,50386,18206,6262,7842,16589,524,7977,8633
partido,Buenos Aires,06260,Esteban Echeverría,108363,76618,41600,17970,6031,11017,17894,358,6818,6675
partido,Buenos Aires,06270,Ezeiza,62802,45882,18874,15838,5370,5800,9168,351,3585,3816
partido,Buenos Aires,06274,Florencio Varela,146253,107862,45493,33851,10252,18266,15289,691,11436,10975
partido,Buenos Aires,06371,General San Martín,161480,103525,72399,10164,8178,12784,38613,622,8551,10169
partido,Buenos Aires,06408,Hurlingham,63547,42494,31590,4460,3151,3293,11195,227,4484,5147
partido,Buenos Aires,06410,Ituzaingó,62587,44797,34511,5729,2634,1923,8998,214,3935,4643
partido,Buenos Aires,06412,José C. Paz,98119,71671,28919,24324,7158,11270,12394,359,6880,6815
partido,Buenos Aires,06427,La Matanza,576586,390055,204676,94444,28429,62506,105601,2001,38884,40045
partido,Buenos Aires,06434,Lanús,167953,110574,77302,10877,8909,13486,35247,521,9297,12314
partido,Buenos Aires,06490,Lomas de Zamora,234615,164613,96808,25750,14433,27622,40648,755,13327,15272
partido,Buenos Aires,06515,Malvinas Argentinas,107589,74526,41611,19991,5348,7576,16261,433,8017,8352
partido,Buenos Aires,06539,Merlo,182654,132148,62870,43682,10084,15512,23915,636,12725,13230
partido,Buenos Aires,06560,Moreno,181244,134375,54812,43447,12944,23172,22822,901,11347,11799
partido,Buenos Aires,06568,Morón,128619,81902,67946,6274,4573,3109,29382,696,7841,8798
partido,Buenos Aires,06658,Quilmes,214681,151010,89689,23515,12924,24882,35360,633,12829,14849
partido,Buenos Aires,06749,San Fernando,60344,37324,27131,3051,2947,4195,14828,371,3624,4197
partido,Buenos Aires,06756,San Isidro,110559,74040,62511,2800,3788,4941,24172,608,5464,6275
partido,Buenos Aires,06760,San Miguel,109322,70190,39442,16519,5111,9118,24775,1039,6427,6891
partido,Buenos Aires,06805,Tigre,147150,98592,61947,17412,8759,10474,29191,762,8661,9944
partido,Buenos Aires,06840,Tres de Febrero,136658,84496,67002,6996,5885,4613,35061,504,7814,8783
partido,Buenos Aires,06861,Vicente López,114743,72553,65258,1917,2906,2472,29430,872,6077,5811
partido,Buenos Aires,06007,Adolfo Alsina,7182,4965,3698,350,563,354,1205,318,359,335
partido,Buenos Aires,06014,Adolfo Gonzales Chaves,5119,3502,2409,376,464,253,850,183,300,284
partido,Buenos Aires,06021,Alberti,4960,3401,2709,280,262,150,930,125,273,231
partido,Buenos Aires,06042,Ayacucho,8329,5339,4281,403,389,266,1492,614,517,367
partido,Buenos Aires,06049,Azul,28364,19097,13164,2284,2075,1574,5409,851,1725,1282
partido,Buenos Aires,06056,Bahia Blanca,132118,80931,57814,9968,8499,4650,36959,1029,7244,5955
partido,Buenos Aires,06063,Balcarce,18131,11990,8939,1182,999,870,3736,585,971,849
partido,Buenos Aires,06070,Baradero,13703,9424,6061,1673,986,704,2365,332,903,679
partido,Buenos Aires,06077,Arrecifes,11695,8141,5810,816,713,802,2047,279,688,540
partido,Buenos Aires,06084,Benito Juárez,8056,5332,4444,356,333,199,1446,427,458,393
partido,Buenos Aires,06098,Berisso,34728,25480,15131,4083,2889,3377,4508,144,2054,2542
partido,Buenos Aires,06105,Bolivar,14802,9568,8158,568,504,338,3340,437,910,547
partido,Buenos Aires,06112,Bragado,17473,12298,9103,1146,1354,695,3118,210,1069,778
partido,Buenos Aires,06119,Brandsen,11395,7886,4962,1581,872,471,1900,392,729,488
partido,Buenos Aires,06126,Campana,37455,25275,15572,5536,2149,2018,7355,373,2424,2028
partido,Buenos Aires,06134,Cañuelas,23469,16855,8292,4703,1860,2000,3505,549,1423,1137
partido,Buenos Aires,06140,Capitán Sarmiento,5752,3727,2825,312,394,196,1213,212,334,266
partido,Buenos Aires,06147,Carlos Casares,9198,6156,4226,617,831,482,1613,388,596,445
partido,Buenos Aires,06154,Carlos Tejedor,4990,3223,2178,430,351,264,799,373,365,230
partido,Buenos Aires,06161,Carmen de Areco,6155,4086,2915,342,482,347,1150,282,357,280
partido,Buenos Aires,06168,Castelli,3548,2228,1491,258,310,169,643,250,264,163
partido,Buenos Aires,06175,Colón,10015,7253,4864,925,876,588,1529,142,552,539
partido,Buenos Aires,06182,Coronel de Marina Leonardo Rosales,23520,14018,9709,2560,1399,350,6508,346,1210,1438
partido,Buenos Aires,06189,Coronel Dorrego,6332,4341,3332,402,402,205,1049,198,423,321
partido,Buenos Aires,06196,Coronel Pringles,9349,6466,4094,625,1108,639,1563,283,614,423
partido,Buenos Aires,06203,Coronel Suárez,16727,11958,9118,950,1403,487,2962,341,834,632
partido,Buenos Aires,06210,Chacabuco,20147,13430,10201,1481,912,836,4183,358,1341,835
partido,Buenos Aires,06218,Chascomús,15685,10412,7606,1381,1002,423,3129,402,1037,705
partido,Buenos Aires,06224,Chivilcoy,27623,17953,14171,1805,1149,828,6225,338,1913,1194
partido,Buenos Aires,06231,Daireaux,6748,4340,3215,479,419,227,1385,299,441,283
partido,Buenos Aires,06238,Dolores,11617,8110,5725,984,920,481,1959,184,753,611
partido,Buenos Aires,06245,Ensenada,22495,16111,9113,2292,1903,2803,2846,119,1542,1877
partido,Buenos Aires,06252,Escobar,82557,56902,30472,16222,5144,5064,14870,516,5311,4958
partido,Buenos Aires,06266,Exaltación de la Cruz,13775,9099,6398,1301,685,715,2519,541,871,745
partido,Buenos Aires,06277,Florentino Ameghino,3715,2509,1808,168,264,269,690,157,222,137
partido,Buenos Aires,06280,General Alvarado,16832,11526,7932,1589,1134,871,2653,471,1307,875
partido,Buenos Aires,06287,General Alvear,3921,2593,1855,358,258,122,620,282,215,211
partido,Buenos Aires,06294,General Arenales,6441,4750,3541,384,452,373,1037,105,308,241
partido,Buenos Aires,06301,General Belgrano,7951,5244,4040,669,390,145,1564,292,497,354
partido,Buenos Aires,06308,General Guido,1233,790,519,64,144,63,151,142,105,45
partido,Buenos Aires,06315,General Juan Madariaga,8241,5478,3737,849,438,454,1297,330,695,441
partido,Buenos Aires,06322,General La Madrid,4622,3224,2367,420,262,175,587,317,310,184
partido,Buenos Aires,06329,General Las Heras,6228,3908,2978,436,270,224,1238,325,464,293
partido,Buenos Aires,06336,General Lavalle,1697,1257,626,341,210,80,152,89,106,93
partido,Buenos Aires,06343,General Paz,5240,3357,2179,392,594,192,1023,298,326,236
partido,Buenos Aires,06351,General Pinto,4848,3324,2264,280,436,344,761,229,356,178
partido,Buenos Aires,06357,General Pueyrredón,259623,161664,120682,23621,9485,7876,64483,2722,17169,13585
partido,Buenos Aires,06364,General Rodríguez,45922,34853,13309,10418,5362,5764,5496,469,2700,2404
partido,Buenos Aires,06385,General Viamonte,7520,5161,3481,561,566,553,1243,198,568,350
partido,Buenos Aires,06392,General Villegas,12830,8618,5682,975,1159,802,2219,535,848,610
partido,Buenos Aires,06399,Guaminí,4656,3149,2450,247,290,162,783,253,271,200
partido,Buenos Aires,06406,Hipólito Yrigoyen,3911,2574,1943,166,317,148,703,200,245,189
partido,Buenos Aires,06413,Junín,39095,25554,19088,3229,2034,1203,9367,349,2068,1757
partido,Buenos Aires,06420,La Costa,38243,23362,16889,3899,1765,809,8922,593,3134,2232
partido,Buenos Aires,06441,La Plata,298336,187445,131235,23449,13871,18890,78201,1846,15238,15606
partido,Buenos Aires,06448,Laprida,4424,3066,2369,229,317,151,726,197,252,183
partido,Buenos Aires,06455,Las Flores,10230,7268,4945,978,839,506,1664,322,577,399
partido,Buenos Aires,06462,Leandro N. Alem,6591,4520,3135,449,587,349,1211,140,467,253
partido,Buenos Aires,06466,Lezama,2418,1542,1169,168,126,79,493,127,157,99
partido,Buenos Aires,06469,Lincoln,17592,11695,8266,1183,1411,835,3545,595,1049,708
partido,Buenos Aires,06476,Lobería,6847,4586,3347,421,483,335,1080,511,372,298
partido,Buenos Aires,06483,Lobos,14900,9889,7485,1063,803,538,2723,562,999,727
partido,Buenos Aires,06497,Luján,39254,25857,18179,3977,1867,1834,8447,547,2410,1993
partido,Buenos Aires,06505,Magdalena,7765,4754,3168,671,620,295,1584,499,500,428
partido,Buenos Aires,06511,Maipú,4406,2987,2270,325,275,117,638,210,335,236
partido,Buenos Aires,06518,Mar Chiquita,12375,8335,6173,993,745,424,2095,397,903,645
partido,Buenos Aires,06525,Marcos Paz,20790,14704,6402,5706,1308,1288,3291,309,1401,1085
partido,Buenos Aires,06532,Mercedes,26205,16333,12236,1842,1486,769,5993,600,1988,1291
partido,Buenos Aires,06547,Monte,8781,5399,3903,786,455,255,1856,462,616,448
partido,Buenos Aires,06553,Monte Hermoso,3449,2039,1442,204,242,151,943,62,231,174
partido,Buenos Aires,06574,Navarro,7014,4449,3366,347,376,360,1305,378,545,337
partido,Buenos Aires,06581,Necochea,39406,25814,18808,3072,2422,1512,8105,558,2556,2373
partido,Buenos Aires,06588,9 de Julio,20010,12928,10392,1245,764,527,4344,496,1327,915
partido,Buenos Aires,06595,Olavarria,46337,29441,22127,3228,3089,997,11429,767,2734,1966
partido,Buenos Aires,06602,Patagones,14238,9084,5553,1884,1092,555,3035,248,1118,753
partido,Buenos Aires,06609,Pehuajó,17311,11256,8085,1080,1218,873,3494,480,1260,821
partido,Buenos Aires,06616,Pellegrini,2692,1712,1292,151,216,53,607,114,175,84
partido,Buenos Aires,06623,Pergamino,42772,28909,22023,2629,2347,1910,8475,580,2737,2071
partido,Buenos Aires,06630,Pila,1713,1127,610,115,291,111,152,249,101,84
partido,Buenos Aires,06638,Pilar,126339,88916,42443,27739,7464,11270,23512,911,6914,6086
partido,Buenos Aires,06644,Pinamar,14279,7684,5723,1375,406,180,4816,283,911,585
partido,Buenos Aires,06648,Presidente Perón,30598,23671,8386,8969,2333,3983,2862,144,2019,1902
partido,Buenos Aires,06651,Puan,7180,5023,3776,365,632,250,1284,220,331,322
partido,Buenos Aires,06655,Punta Indio,4747,3088,2145,374,399,170,798,286,286,289
partido,Buenos Aires,06665,Ramallo,13490,9576,6317,1591,894,774,2324,225,756,609
partido,Buenos Aires,06672,Rauch,6389,4191,2877,379,584,351,1221,354,379,244
partido,Buenos Aires,06679,Rivadavia,7196,4747,3630,450,377,290,1331,411,441,266
partido,Buenos Aires,06686,Rojas,9655,6739,5199,728,438,374,1574,217,639,486
partido,Buenos Aires,06693,Roque Pérez,5237,3324,2416,304,383,221,1205,260,272,176
partido,Buenos Aires,06700,Saavedra,9033,5767,4838,338,402,189,2104,326,451,385
partido,Buenos Aires,06707,Saladillo,13510,8756,6754,992,667,343,3025,366,824,539
partido,Buenos Aires,06714,Salto,14184,9265,7087,849,793,536,3131,270,846,672
partido,Buenos Aires,06721,Salliqueló,3836,2613,2093,250,178,92,762,83,254,124
partido,Buenos Aires,06728,San Andrés de Giles,9387,5753,4166,472,583,532,1861,616,717,440
partido,Buenos Aires,06735,San Antonio de Areco,9422,6197,4745,635,483,334,1918,377,479,451
partido,Buenos Aires,06742,San Cayetano,3541,2479,1671,243,386,179,568,144,185,165
partido,Buenos Aires,06763,San Nicolás,57215,39327,24736,9213,3282,2096,10182,409,3832,3465
partido,Buenos Aires,06770,San Pedro,23962,16448,9999,2650,1328,2471,4277,414,1675,1148
partido,Buenos Aires,06778,San Vicente,30825,24033,8799,7886,4093,3255,3210,311,1745,1526
partido,Buenos Aires,06784,Suipacha,4241,2855,2008,239,335,273,734,239,241,172
partido,Buenos Aires,06791,Tandil,58258,33788,26757,3083,2454,1494,17370,1223,3279,2598
partido,Buenos Aires,06798,Tapalqué,4001,2579,1960,202,271,146,628,309,262,223
partido,Buenos Aires,06812,Tordillo,927,640,269,70,182,119,124,89,51,23
partido,Buenos Aires,06819,Tornquist,5861,3583,2809,305,332,137,1457,230,340,251
partido,Buenos Aires,06826,Trenque Lauquen,18726,11924,8976,1081,1238,629,4267,797,1057,681
partido,Buenos Aires,06833,Tres Arroyos,24978,16618,12512,1785,1519,802,5517,308,1283,1252
partido,Buenos Aires,06847,Tres Lomas,3539,2458,1771,162,336,189,670,130,167,114
partido,Buenos Aires,06854,25 De Mayo,13632,8860,6591,796,865,608,2743,511,869,649
partido,Buenos Aires,06868,Villa Gesell,14296,8581,5515,1763,687,616,3549,340,1006,820
partido,Buenos Aires,06875,Villarino,11863,7683,4596,1554,863,670,2402,443,904,431
partido,Buenos Aires,06882,Zárate,45121,31541,15921,8843,3095,3682,7756,692,2423,2709
departamento,Córdoba,14007,Calamuchita,28298,17355,12163,1595,2634,963,6679,761,2048,1455
departamento,Córdoba,14014,Capital,553470,292829,203187,35561,27172,26909,189897,2236,37772,30736
departamento,Córdoba,14021,Colón,97732,63585,44171,7765,6692,4957,21871,824,6508,4944
departamento,Córdoba,14028,Cruz del Eje,21425,14896,7005,3673,2210,2008,3276,189,1854,1210
departamento,Córdoba,14035,General Roca,13556,9145,5995,1171,1188,791,2286,646,910,569
departamento,Córdoba,14042,General San Martín,57886,32393,24455,3940,2531,1467,18602,1426,3339,2126
departamento,Córdoba,14049,Ischilín,11660,7966,3954,1836,1418,758,1815,169,909,801
departamento,Córdoba,14056,Juárez Celman,24974,15906,12220,1433,1336,917,5917,786,1512,853
departamento,Córdoba,14063,Marcos Juárez,41894,28366,23237,1900,2032,1197,8640,815,2378,1695
departamento,Córdoba,14070,Minas,1815,1388,414,486,298,190,152,22,162,91
departamento,Córdoba,14077,Pocho,1911,1433,518,443,335,137,190,28,163,97
departamento,Córdoba,14084,Presidente Roque Sáenz Peña,14169,9181,7433,611,726,411,2930,599,829,630
departamento,Córdoba,14091,Punilla,82780,47751,35430,4643,4992,2686,22439,879,6447,5264
departamento,Córdoba,14098,Río Cuarto,105896,63362,46534,8406,4954,3468,29445,1626,7026,4437
departamento,Córdoba,14105,Río Primero,19338,11973,7690,1619,1539,1125,4359,773,1420,813
departamento,Córdoba,14112,Río Seco,5150,3798,1355,1151,734,558,678,158,357,159
departamento,Córdoba,14119,Río Segundo,40511,26319,19497,2668,2685,1469,9387,660,2490,1655
departamento,Córdoba,14126,San Alberto,14665,10265,4662,3092,1761,750,2505,182,1035,678
departamento,Córdoba,14133,San Javier,22830,15279,7576,4010,2408,1285,4405,223,1780,1143
departamento,Córdoba,14140,San Justo,85574,51453,40219,4985,3836,2413,23824,2939,4535,2823
departamento,Córdoba,14147,Santa María,46836,31440,19606,5205,4689,1940,8832,474,3282,2808
departamento,Córdoba,14154,Sobremonte,1515,1131,406,200,195,330,144,68,102,70
departamento,Córdoba,14161,Tercero Arriba,45250,28793,23330,2581,1936,946,11287,600,2812,1758
departamento,Córdoba,14168,Totoral,7531,4971,2750,863,677,681,1460,323,484,293
departamento,Córdoba,14175,Tulumba,5147,3714,1058,1345,703,608,709,159,369,196
departamento,Córdoba,14182,Unión,42587,28286,21857,2713,2281,1435,8482,1335,2717,1767
departamento,Santa Fe,82007,Belgrano,17431,12265,10040,1243,582,400,3061,319,1009,777
departamento,Santa Fe,82014,Caseros,33265,23795,19246,1805,1743,1001,6071,285,1634,1480
departamento,Santa Fe,82021,Castellanos,68784,42629,35196,3878,1980,1575,17662,1983,3899,2611
departamento,Santa Fe,82028,Constitución,33343,23725,17196,2733,1585,2211,5252,330,2030,2006
departamento,Santa Fe,82035,Garay,8226,6064,3325,632,1092,1015,993,136,539,494
departamento,Santa Fe,82042,General López,77047,50228,36938,8209,3248,1833,16994,1269,5018,3538
departamento,Santa Fe,82049,General Obligado,66345,47606,30260,6364,4828,6154,10681,714,3731,3613
departamento,Santa Fe,82056,Iriondo,27244,18728,14555,2153,1128,892,4959,566,1595,1396
departamento,Santa Fe,82063,La Capital,205760,134667,90424,21514,9576,13153,44154,1197,11817,13925
departamento,Santa Fe,82070,Las Colonias,42750,26708,23324,1328,1195,861,10643,1687,2230,1482
departamento,Santa Fe,82077,9 de Julio,10768,7456,4829,877,619,1131,1433,582,811,486
departamento,Santa Fe,82084,Rosario,503575,316127,207376,52090,21986,34675,121829,2349,29675,33595
departamento,Santa Fe,82091,San Cristóbal,26167,16448,12935,1238,1095,1180,4629,2197,1766,1127
departamento,Santa Fe,82098,San Javier,11369,8402,5004,697,1231,1470,1308,228,731,700
departamento,Santa Fe,82105,San Jerónimo,30513,21637,16427,1896,1425,1889,4734,654,1756,1732
departamento,Santa Fe,82112,San Justo,16699,11349,8332,1055,726,1236,3106,479,937,828
departamento,Santa Fe,82119,San Lorenzo,66746,47447,31107,9700,3578,3062,10560,592,4033,4114
departamento,Santa Fe,82126,San Martín,25283,17238,14259,1303,952,724,4880,824,1372,969
departamento,Santa Fe,82133,Vera,18652,13601,7979,1473,1628,2521,2196,612,1064,1179
